CREATE DATABASE QL_VeMayBay
USE QL_VeMayBay

CREATE TABLE SANBAY 
(
	MaSB CHAR(10) NOT NULL,
	TenSB NVARCHAR(50),
	QuocGia NVARCHAR(30),
	CONSTRAINT PK_SB_MaSB PRIMARY KEY(MaSB)
);

CREATE TABLE MAYBAY
(
	MaMB CHAR(10) NOT NULL,
	LoaiMB NVARCHAR(50),
	Hang NVARCHAR(50),
	SoGhe INT,
	MaSB CHAR(10) NOT NULL,
	CONSTRAINT PK_MB_MaMB PRIMARY KEY(MaMB),
	CONSTRAINT FK_MB_MaSB FOREIGN KEY(MaSB) REFERENCES SANBAY(MaSB)
);

CREATE TABLE CHANGBAY
(
	MaChB CHAR(10) NOT NULL,
	MaSBdi CHAR(10),
	MaSBden CHAR(10),
	NgayBay DATE,
	CONSTRAINT PK_ChB_MaChB PRIMARY KEY(MaChB)
);

CREATE TABLE NHANVIEN 
(
	MaNV CHAR(10) NOT NULL,
	HoTen NVARCHAR(50),
	Luong FLOAT,
	NgaySinhNV DATE,
	DiaChiNV NVARCHAR(50),
	SDTnv CHAR(11),
	MaSB CHAR(10) NOT NULL,
	MaChB CHAR(10) NOT NULL,
	CONSTRAINT PK_NV_MaNV PRIMARY KEY(MaNV),
	CONSTRAINT FK_NV_MaSB FOREIGN KEY(MaSB) REFERENCES SANBAY(MaSB),
	CONSTRAINT FK_NV_MaChB FOREIGN KEY(MaChB) REFERENCES CHANGBAY(MaChB)
);

CREATE TABLE CHUYENBAY
(
	MaCB CHAR(10) NOT NULL,
	GioBay DATE,
	GioDen DATE,
	GioDuKien DATE,
	MaMB CHAR(10) NOT NULL,
	MaChB CHAR(10) NOT NULL,
	MaNV CHAR(10) NOT NULL,
	CONSTRAINT PK_CB_MaCB PRIMARY KEY(MaCB),
	CONSTRAINT FK_CB_MaMB FOREIGN KEY(MaMB) REFERENCES MAYBAY(MaMB),
	CONSTRAINT FK_CB_MaChB FOREIGN KEY(MaChB) REFERENCES CHANGBAY(MaChB),
	CONSTRAINT FK_CB_MaNV FOREIGN KEY(MaNV) REFERENCES NHANVIEN(MaNV)
);

CREATE TABLE HANHKHACH 
(
	MaHK CHAR(10) NOT NULL,
	TenHK NVARCHAR(50),
	DiaChi NVARCHAR(50), 
	SDT CHAR(11),
	CCCD CHAR(20),
	HoChieu CHAR(20),
	NgaySinh DATE,
	CONSTRAINT PK_HK_MaHK PRIMARY KEY(MaHK)
);

CREATE TABLE VE 
(
	MaVe CHAR(10) NOT NULL,
	GiaVe FLOAT,
	DonViTien NCHAR(10),
	ViTriGhe CHAR(10),
	MaCB CHAR(10) NOT NULL,
	MaHK CHAR(10) NOT NULL, 
	MaNV CHAR(10) NOT NULL,
	CONSTRAINT PK_VE_MaVe PRIMARY KEY(MaVe),
	CONSTRAINT FK_VE_MaCB FOREIGN KEY(MaCB) REFERENCES CHUYENBAY(MaCB),
	CONSTRAINT FK_VE_MaHK FOREIGN KEY(MaHK) REFERENCES HANHKHACH(MaHK),
	CONSTRAINT FK_VE_MaNV FOREIGN KEY(MaNV) REFERENCES NHANVIEN(MaNV)
);

CREATE TABLE LOAIVE
(
	MaVe CHAR(10) NOT NULL,
	LoaiVe NVARCHAR(50),
	MaNV CHAR(10) NOT NULL,
	CONSTRAINT PK_LVe_MaVe PRIMARY KEY(MaVe, MaNV),
	CONSTRAINT FK_LVe_MaVe FOREIGN KEY(MaVe) REFERENCES VE(MaVe),
	CONSTRAINT FK_LVe_MaNV FOREIGN KEY(MaNV) REFERENCES NHANVIEN(MaNV)
);

CREATE TABLE NHANXET
(
	MaHK CHAR(10) NOT NULL,
	MaCB CHAR(10) NOT NULL,
	NDNhanXet NVARCHAR(1000),
	DiemDanhGia INT CHECK (DiemDanhGia BETWEEN 1 AND 5),
	MaNV CHAR(10) NOT NULL,
	CONSTRAINT PK_NX_MaHK_MaCB PRIMARY KEY(MaHK, MaCB),
	CONSTRAINT FK_NX_MaHK FOREIGN KEY(MaHK) REFERENCES HANHKHACH(MaHK),
	CONSTRAINT FK_NX_MaCB FOREIGN KEY(MaCB) REFERENCES CHUYENBAY(MaCB),
	CONSTRAINT FK_NX_MaNV FOREIGN KEY(MaNV) REFERENCES NHANVIEN(MaNV)
);

CREATE TABLE HANHLY 
(
	MaHL CHAR(10) NOT NULL,
	SoKG FLOAT,
	PhuPhi FLOAT,
	MaHK CHAR(10) NOT NULL,
	MaCB CHAR(10) NOT NULL,
	MaNV CHAR(10) NOT NULL,
	CONSTRAINT PK_HL_MaHL PRIMARY KEY(MaHL),
	CONSTRAINT FK_HL_MaHK FOREIGN KEY(MaHK) REFERENCES HANHKHACH(MaHK),
	CONSTRAINT FK_HL_MaCB FOREIGN KEY(MaCB) REFERENCES CHUYENBAY(MaCB),
	CONSTRAINT FK_HL_MaNV FOREIGN KEY(MaNV) REFERENCES NHANVIEN(MaNV)
);

CREATE TABLE DATVE
(
	MaDV CHAR(10) NOT NULL,
	ViTriVe NCHAR(10),
	MaNV CHAR(10) NOT NULL,
	MaSB CHAR(10) NOT NULL,
	MaCB CHAR(10) NOT NULL,
	CONSTRAINT PK_DV_MaDV PRIMARY KEY(MaDV),
	CONSTRAINT FK_DV_MaNV FOREIGN KEY(MaNV) REFERENCES NHANVIEN(MaNV),
	CONSTRAINT FK_DV_MaSB FOREIGN KEY(MaSB) REFERENCES SANBAY(MaSB),
	CONSTRAINT FK_DV_MaCB FOREIGN KEY(MaCB) REFERENCES CHUYENBAY(MaCB)
);

-----------------------------------------------------------------------
-----------------------------------------------------------------------
INSERT INTO SANBAY (MaSB, TenSB, QuocGia) 
VALUES 
	('SB001', 'Tan Son Nhat', 'Vietnam'),
	('SB002', 'Noi Bai', 'Vietnam'),
	('SB003', 'Changi', 'Singapore'),
	('SB004', 'Incheon', 'South Korea'),
	('SB005', 'Suvarnabhumi', 'Thailand');

INSERT INTO MAYBAY (MaMB, LoaiMB, Hang, SoGhe, MaSB) 
VALUES 
	('MB001', 'Boeing 777', 'Vietnam Airlines', 300, 'SB001'),
	('MB002', 'Airbus A320', 'VietJet Air', 180, 'SB002'),
	('MB003', 'Boeing 787', 'Bamboo Airways', 250, 'SB003'),
	('MB004', 'Airbus A350', 'Vietnam Airlines', 320, 'SB004'),
	('MB005', 'Boeing 737', 'Thai Airways', 200, 'SB005');

INSERT INTO CHANGBAY (MaChB, MaSBdi, MaSBden, NgayBay) 
VALUES 
	('CB001', 'SB001', 'SB002', '2024-09-01'),
	('CB002', 'SB002', 'SB003', '2024-09-02'),
	('CB003', 'SB003', 'SB004', '2024-09-03'),
	('CB004', 'SB004', 'SB005', '2024-09-04'),
	('CB005', 'SB005', 'SB001', '2024-09-05');

INSERT INTO NHANVIEN (MaNV, HoTen, Luong, NgaySinhNV, DiaChiNV, SDTnv, MaSB, MaChB) 
VALUES 
	('NV001', 'Nguyen Van X', 15000000, '1980-01-01', 'Ho Chi Minh City', '0905123456', 'SB001', 'CB001'),
	('NV002', 'Tran Thi Y', 16000000, '1985-02-02', 'Ha Noi', '0906123456', 'SB002', 'CB002'),
	('NV003', 'Le Van Z', 17000000, '1990-03-03', 'Da Nang', '0907123456', 'SB003', 'CB003'),
	('NV004', 'Pham Thi M', 18000000, '1982-04-04', 'Hai Phong', '0908123456', 'SB004', 'CB004'),
	('NV005', 'Hoang Van N', 19000000, '1987-05-05', 'Can Tho', '0909123456', 'SB005', 'CB005');

INSERT INTO CHUYENBAY (MaCB, GioBay, GioDen, GioDuKien, MaMB, MaChB, MaNV) 
VALUES 
	('CBY001', '2024-09-01 08:00:00', '2024-09-01 10:00:00', '2024-09-01 10:15:00', 'MB001', 'CB001', 'NV001'),
	('CBY002', '2024-09-02 09:00:00', '2024-09-02 12:00:00', '2024-09-02 12:15:00', 'MB002', 'CB002', 'NV002'),
	('CBY003', '2024-09-03 13:00:00', '2024-09-03 15:30:00', '2024-09-03 15:45:00', 'MB003', 'CB003', 'NV003'),
	('CBY004', '2024-09-04 14:00:00', '2024-09-04 16:00:00', '2024-09-04 16:15:00', 'MB004', 'CB004', 'NV004'),
	('CBY005', '2024-09-05 18:00:00', '2024-09-05 20:00:00', '2024-09-05 20:15:00', 'MB005', 'CB005', 'NV005');

INSERT INTO HANHKHACH (MaHK, TenHK, DiaChi, SDT, CCCD, HoChieu, NgaySinh) 
VALUES 
	('HK001', 'Nguyen Van A', 'Ho Chi Minh City', '0909123456', '0123456789', 'A1234567', '1990-01-01'),
	('HK002', 'Tran Thi B', 'Ha Noi', '0912123456', '9876543210', 'B1234567', '1992-02-02'),
	('HK003', 'Le Van C', 'Da Nang', '0903123456', '1234567890', 'C1234567', '1988-03-03'),
	('HK004', 'Pham Thi D', 'Hai Phong', '0918123456', '0987654321', 'D1234567', '1991-04-04'),
	('HK005', 'Hoang Van E', 'Can Tho', '0904123456', '2345678901', 'E1234567', '1985-05-05');

INSERT INTO VE (MaVe, GiaVe, DonViTien, ViTriGhe, MaCB, MaHK, MaNV) 
VALUES 
	('VE001', 1000000, 'VND', 'A1', 'CBY001', 'HK001', 'NV001'),
	('VE002', 1500000, 'VND', 'B2', 'CBY002', 'HK002', 'NV002'),
	('VE003', 2000000, 'VND', 'C3', 'CBY003', 'HK003', 'NV003'),
	('VE004', 2500000, 'VND', 'D4', 'CBY004', 'HK004', 'NV004'),
	('VE005', 3000000, 'VND', 'E5', 'CBY005', 'HK005', 'NV005');

INSERT INTO LOAIVE (MaVe, LoaiVe, MaNV) 
VALUES 
	('VE001', 'Economy', 'NV001'),
	('VE002', 'Business', 'NV002'),
	('VE003', 'First Class', 'NV003'),
	('VE004', 'Economy', 'NV004'),
	('VE005', 'Business', 'NV005');

INSERT INTO NHANXET (MaHK, MaCB, NDNhanXet, DiemDanhGia, MaNV) 
VALUES 
	('HK001', 'CBY001', 'Great flight, very comfortable.', 5, 'NV001'),
	('HK002', 'CBY002', 'Good service, but the flight was delayed.', 4, 'NV002'),
	('HK003', 'CBY003', 'Average experience, nothing special.', 3, 'NV003'),
	('HK004', 'CBY004', 'Not satisfied with the service.', 2, 'NV004'),
	('HK005', 'CBY005', 'Terrible experience, will not fly again.', 1, 'NV005');

INSERT INTO HANHLY (MaHL, SoKG, PhuPhi, MaNV, MaHK, MaCB) 
VALUES 
	('HL001', 20, 200000, 'NV001', 'HK001', 'CBY001'),
	('HL002', 25, 250000, 'NV002', 'HK002', 'CBY002'),
	('HL003', 30, 300000, 'NV003', 'HK003', 'CBY003'),
	('HL004', 35, 350000, 'NV004', 'HK004', 'CBY004'),
	('HL005', 40, 400000, 'NV005', 'HK005', 'CBY005');

INSERT INTO DATVE (MaDV, ViTriVe, MaNV, MaSB, MaCB) 
VALUES 
	('DV001', 'A1', 'NV001', 'SB001', 'CBY001'),
	('DV002', 'B2', 'NV002', 'SB002', 'CBY002'),
	('DV003', 'C3', 'NV003', 'SB003', 'CBY003'),
	('DV004', 'D4', 'NV004', 'SB004', 'CBY004'),
	('DV005', 'E5', 'NV005', 'SB005', 'CBY005');

